gs://learning-automl-test/dataset/bike/bike028.jpg,bike
gs://learning-automl-test/dataset/bike/bike014.jpg,bike
gs://learning-automl-test/dataset/bike/bike015.jpg,bike
gs://learning-automl-test/dataset/bike/bike001.jpg,bike
gs://learning-automl-test/dataset/bike/bike029.jpg,bike
gs://learning-automl-test/dataset/bike/bike017.jpg,bike
gs://learning-automl-test/dataset/bike/bike003.jpg,bike
gs://learning-automl-test/dataset/bike/bike002.jpg,bike
gs://learning-automl-test/dataset/bike/bike016.jpg,bike
gs://learning-automl-test/dataset/bike/bike012.jpg,bike
gs://learning-automl-test/dataset/bike/bike006.jpg,bike
gs://learning-automl-test/dataset/bike/bike007.jpg,bike
gs://learning-automl-test/dataset/bike/bike013.jpg,bike
gs://learning-automl-test/dataset/bike/bike005.jpg,bike
gs://learning-automl-test/dataset/bike/bike011.jpg,bike
gs://learning-automl-test/dataset/bike/bike039.jpg,bike
gs://learning-automl-test/dataset/bike/bike038.jpg,bike
gs://learning-automl-test/dataset/bike/bike010.jpg,bike
gs://learning-automl-test/dataset/bike/bike004.jpg,bike
gs://learning-automl-test/dataset/bike/bike063.jpg,bike
gs://learning-automl-test/dataset/bike/bike062.jpg,bike
gs://learning-automl-test/dataset/bike/bike048.jpg,bike
gs://learning-automl-test/dataset/bike/bike060.jpg,bike
gs://learning-automl-test/dataset/bike/bike061.jpg,bike
gs://learning-automl-test/dataset/bike/bike049.jpg,bike
gs://learning-automl-test/dataset/bike/bike071.jpg,bike
gs://learning-automl-test/dataset/bike/bike065.jpg,bike
gs://learning-automl-test/dataset/bike/bike059.jpg,bike
gs://learning-automl-test/dataset/bike/bike058.jpg,bike
gs://learning-automl-test/dataset/bike/bike064.jpg,bike
gs://learning-automl-test/dataset/bike/bike070.jpg,bike
gs://learning-automl-test/dataset/bike/bike066.jpg,bike
gs://learning-automl-test/dataset/bike/bike067.jpg,bike
gs://learning-automl-test/dataset/bike/bike042.jpg,bike
gs://learning-automl-test/dataset/bike/bike056.jpg,bike
gs://learning-automl-test/dataset/bike/bike057.jpg,bike
gs://learning-automl-test/dataset/bike/bike043.jpg,bike
gs://learning-automl-test/dataset/bike/bike069.jpg,bike
gs://learning-automl-test/dataset/bike/bike055.jpg,bike
gs://learning-automl-test/dataset/bike/bike041.jpg,bike
gs://learning-automl-test/dataset/bike/bike040.jpg,bike
gs://learning-automl-test/dataset/bike/bike054.jpg,bike
gs://learning-automl-test/dataset/bike/bike068.jpg,bike
gs://learning-automl-test/dataset/bike/bike050.jpg,bike
gs://learning-automl-test/dataset/bike/bike044.jpg,bike
gs://learning-automl-test/dataset/bike/bike045.jpg,bike
gs://learning-automl-test/dataset/bike/bike051.jpg,bike
gs://learning-automl-test/dataset/bike/bike047.jpg,bike
gs://learning-automl-test/dataset/bike/bike053.jpg,bike
gs://learning-automl-test/dataset/bike/bike052.jpg,bike
gs://learning-automl-test/dataset/bike/bike046.jpg,bike
gs://learning-automl-test/dataset/bike/bike009.jpg,bike
gs://learning-automl-test/dataset/bike/bike021.jpg,bike
gs://learning-automl-test/dataset/bike/bike035.jpg,bike
gs://learning-automl-test/dataset/bike/bike034.jpg,bike
gs://learning-automl-test/dataset/bike/bike020.jpg,bike
gs://learning-automl-test/dataset/bike/bike008.jpg,bike
gs://learning-automl-test/dataset/bike/bike036.jpg,bike
gs://learning-automl-test/dataset/bike/bike022.jpg,bike
gs://learning-automl-test/dataset/bike/bike023.jpg,bike
gs://learning-automl-test/dataset/bike/bike037.jpg,bike
gs://learning-automl-test/dataset/bike/bike033.jpg,bike
gs://learning-automl-test/dataset/bike/bike027.jpg,bike
gs://learning-automl-test/dataset/bike/bike026.jpg,bike
gs://learning-automl-test/dataset/bike/bike032.jpg,bike
gs://learning-automl-test/dataset/bike/bike024.jpg,bike
gs://learning-automl-test/dataset/bike/bike030.jpg,bike
gs://learning-automl-test/dataset/bike/bike018.jpg,bike
gs://learning-automl-test/dataset/bike/bike019.jpg,bike
gs://learning-automl-test/dataset/bike/bike031.jpg,bike
gs://learning-automl-test/dataset/bike/bike025.jpg,bike
gs://learning-automl-test/dataset/chair_blue/chair_blue070.jpg,chair_blue
gs://learning-automl-test/dataset/chair_blue/chair_blue064.jpg,chair_blue
gs://learning-automl-test/dataset/chair_blue/chair_blue058.jpg,chair_blue
gs://learning-automl-test/dataset/chair_blue/chair_blue059.jpg,chair_blue
gs://learning-automl-test/dataset/chair_blue/chair_blue065.jpg,chair_blue
gs://learning-automl-test/dataset/chair_blue/chair_blue071.jpg,chair_blue
gs://learning-automl-test/dataset/chair_blue/chair_blue067.jpg,chair_blue
gs://learning-automl-test/dataset/chair_blue/chair_blue073.jpg,chair_blue
gs://learning-automl-test/dataset/chair_blue/chair_blue072.jpg,chair_blue
gs://learning-automl-test/dataset/chair_blue/chair_blue066.jpg,chair_blue
gs://learning-automl-test/dataset/chair_blue/chair_blue062.jpg,chair_blue
gs://learning-automl-test/dataset/chair_blue/chair_blue076.jpg,chair_blue
gs://learning-automl-test/dataset/chair_blue/chair_blue089.jpg,chair_blue
gs://learning-automl-test/dataset/chair_blue/chair_blue088.jpg,chair_blue
gs://learning-automl-test/dataset/chair_blue/chair_blue077.jpg,chair_blue
gs://learning-automl-test/dataset/chair_blue/chair_blue063.jpg,chair_blue
gs://learning-automl-test/dataset/chair_blue/chair_blue049.jpg,chair_blue
gs://learning-automl-test/dataset/chair_blue/chair_blue075.jpg,chair_blue
gs://learning-automl-test/dataset/chair_blue/chair_blue061.jpg,chair_blue
gs://learning-automl-test/dataset/chair_blue/chair_blue060.jpg,chair_blue
gs://learning-automl-test/dataset/chair_blue/chair_blue074.jpg,chair_blue
gs://learning-automl-test/dataset/chair_blue/chair_blue048.jpg,chair_blue
gs://learning-automl-test/dataset/chair_blue/chair_blue013.jpg,chair_blue
gs://learning-automl-test/dataset/chair_blue/chair_blue007.jpg,chair_blue
gs://learning-automl-test/dataset/chair_blue/chair_blue006.jpg,chair_blue
gs://learning-automl-test/dataset/chair_blue/chair_blue012.jpg,chair_blue
gs://learning-automl-test/dataset/chair_blue/chair_blue004.jpg,chair_blue
gs://learning-automl-test/dataset/chair_blue/chair_blue010.jpg,chair_blue
gs://learning-automl-test/dataset/chair_blue/chair_blue038.jpg,chair_blue
gs://learning-automl-test/dataset/chair_blue/chair_blue039.jpg,chair_blue
gs://learning-automl-test/dataset/chair_blue/chair_blue011.jpg,chair_blue
gs://learning-automl-test/dataset/chair_blue/chair_blue005.jpg,chair_blue
gs://learning-automl-test/dataset/chair_blue/chair_blue029.jpg,chair_blue
gs://learning-automl-test/dataset/chair_blue/chair_blue001.jpg,chair_blue
gs://learning-automl-test/dataset/chair_blue/chair_blue015.jpg,chair_blue
gs://learning-automl-test/dataset/chair_blue/chair_blue014.jpg,chair_blue
gs://learning-automl-test/dataset/chair_blue/chair_blue028.jpg,chair_blue
gs://learning-automl-test/dataset/chair_blue/chair_blue016.jpg,chair_blue
gs://learning-automl-test/dataset/chair_blue/chair_blue002.jpg,chair_blue
gs://learning-automl-test/dataset/chair_blue/chair_blue003.jpg,chair_blue
gs://learning-automl-test/dataset/chair_blue/chair_blue017.jpg,chair_blue
gs://learning-automl-test/dataset/chair_blue/chair_blue032.jpg,chair_blue
gs://learning-automl-test/dataset/chair_blue/chair_blue026.jpg,chair_blue
gs://learning-automl-test/dataset/chair_blue/chair_blue027.jpg,chair_blue
gs://learning-automl-test/dataset/chair_blue/chair_blue033.jpg,chair_blue
gs://learning-automl-test/dataset/chair_blue/chair_blue025.jpg,chair_blue
gs://learning-automl-test/dataset/chair_blue/chair_blue031.jpg,chair_blue
gs://learning-automl-test/dataset/chair_blue/chair_blue019.jpg,chair_blue
gs://learning-automl-test/dataset/chair_blue/chair_blue018.jpg,chair_blue
gs://learning-automl-test/dataset/chair_blue/chair_blue030.jpg,chair_blue
gs://learning-automl-test/dataset/chair_blue/chair_blue024.jpg,chair_blue
gs://learning-automl-test/dataset/chair_blue/chair_blue008.jpg,chair_blue
gs://learning-automl-test/dataset/chair_blue/chair_blue020.jpg,chair_blue
gs://learning-automl-test/dataset/chair_blue/chair_blue034.jpg,chair_blue
gs://learning-automl-test/dataset/chair_blue/chair_blue035.jpg,chair_blue
gs://learning-automl-test/dataset/chair_blue/chair_blue021.jpg,chair_blue
gs://learning-automl-test/dataset/chair_blue/chair_blue009.jpg,chair_blue
gs://learning-automl-test/dataset/chair_blue/chair_blue037.jpg,chair_blue
gs://learning-automl-test/dataset/chair_blue/chair_blue023.jpg,chair_blue
gs://learning-automl-test/dataset/chair_blue/chair_blue022.jpg,chair_blue
gs://learning-automl-test/dataset/chair_blue/chair_blue036.jpg,chair_blue
gs://learning-automl-test/dataset/chair_blue/chair_blue051.jpg,chair_blue
gs://learning-automl-test/dataset/chair_blue/chair_blue045.jpg,chair_blue
gs://learning-automl-test/dataset/chair_blue/chair_blue079.jpg,chair_blue
gs://learning-automl-test/dataset/chair_blue/chair_blue086.jpg,chair_blue
gs://learning-automl-test/dataset/chair_blue/chair_blue087.jpg,chair_blue
gs://learning-automl-test/dataset/chair_blue/chair_blue078.jpg,chair_blue
gs://learning-automl-test/dataset/chair_blue/chair_blue044.jpg,chair_blue
gs://learning-automl-test/dataset/chair_blue/chair_blue050.jpg,chair_blue
gs://learning-automl-test/dataset/chair_blue/chair_blue046.jpg,chair_blue
gs://learning-automl-test/dataset/chair_blue/chair_blue052.jpg,chair_blue
gs://learning-automl-test/dataset/chair_blue/chair_blue085.jpg,chair_blue
gs://learning-automl-test/dataset/chair_blue/chair_blue090.jpg,chair_blue
gs://learning-automl-test/dataset/chair_blue/chair_blue084.jpg,chair_blue
gs://learning-automl-test/dataset/chair_blue/chair_blue053.jpg,chair_blue
gs://learning-automl-test/dataset/chair_blue/chair_blue047.jpg,chair_blue
gs://learning-automl-test/dataset/chair_blue/chair_blue043.jpg,chair_blue
gs://learning-automl-test/dataset/chair_blue/chair_blue057.jpg,chair_blue
gs://learning-automl-test/dataset/chair_blue/chair_blue080.jpg,chair_blue
gs://learning-automl-test/dataset/chair_blue/chair_blue081.jpg,chair_blue
gs://learning-automl-test/dataset/chair_blue/chair_blue056.jpg,chair_blue
gs://learning-automl-test/dataset/chair_blue/chair_blue042.jpg,chair_blue
gs://learning-automl-test/dataset/chair_blue/chair_blue068.jpg,chair_blue
gs://learning-automl-test/dataset/chair_blue/chair_blue054.jpg,chair_blue
gs://learning-automl-test/dataset/chair_blue/chair_blue040.jpg,chair_blue
gs://learning-automl-test/dataset/chair_blue/chair_blue083.jpg,chair_blue
gs://learning-automl-test/dataset/chair_blue/chair_blue082.jpg,chair_blue
gs://learning-automl-test/dataset/chair_blue/chair_blue041.jpg,chair_blue
gs://learning-automl-test/dataset/chair_blue/chair_blue055.jpg,chair_blue
gs://learning-automl-test/dataset/chair_blue/chair_blue069.jpg,chair_blue
gs://learning-automl-test/dataset/chair_wood/chair_wood_179.jpg,chair_wood
gs://learning-automl-test/dataset/chair_wood/chair_wood_145.jpg,chair_wood
gs://learning-automl-test/dataset/chair_wood/chair_wood_151.jpg,chair_wood
gs://learning-automl-test/dataset/chair_wood/chair_wood_186.jpg,chair_wood
gs://learning-automl-test/dataset/chair_wood/chair_wood_192.jpg,chair_wood
gs://learning-automl-test/dataset/chair_wood/chair_wood_409.jpg,chair_wood
gs://learning-automl-test/dataset/chair_wood/chair_wood_421.jpg,chair_wood
gs://learning-automl-test/dataset/chair_wood/chair_wood_347.jpg,chair_wood
gs://learning-automl-test/dataset/chair_wood/chair_wood_353.jpg,chair_wood
gs://learning-automl-test/dataset/chair_wood/chair_wood_435.jpg,chair_wood
gs://learning-automl-test/dataset/chair_wood/chair_wood_384.jpg,chair_wood
gs://learning-automl-test/dataset/chair_wood/chair_wood_390.jpg,chair_wood
gs://learning-automl-test/dataset/chair_wood/chair_wood_555.jpg,chair_wood
gs://learning-automl-test/dataset/chair_wood/chair_wood_233.jpg,chair_wood
gs://learning-automl-test/dataset/chair_wood/chair_wood_227.jpg,chair_wood
gs://learning-automl-test/dataset/chair_wood/chair_wood_541.jpg,chair_wood
gs://learning-automl-test/dataset/chair_wood/chair_wood_019.jpg,chair_wood
gs://learning-automl-test/dataset/chair_wood/chair_wood_031.jpg,chair_wood
gs://learning-automl-test/dataset/chair_wood/chair_wood_025.jpg,chair_wood
gs://learning-automl-test/dataset/chair_wood/chair_wood_024.jpg,chair_wood
gs://learning-automl-test/dataset/chair_wood/chair_wood_030.jpg,chair_wood
gs://learning-automl-test/dataset/chair_wood/chair_wood_018.jpg,chair_wood
gs://learning-automl-test/dataset/chair_wood/chair_wood_226.jpg,chair_wood
gs://learning-automl-test/dataset/chair_wood/chair_wood_540.jpg,chair_wood
gs://learning-automl-test/dataset/chair_wood/chair_wood_554.jpg,chair_wood
gs://learning-automl-test/dataset/chair_wood/chair_wood_232.jpg,chair_wood
gs://learning-automl-test/dataset/chair_wood/chair_wood_391.jpg,chair_wood
gs://learning-automl-test/dataset/chair_wood/chair_wood_385.jpg,chair_wood
gs://learning-automl-test/dataset/chair_wood/chair_wood_352.jpg,chair_wood
gs://learning-automl-test/dataset/chair_wood/chair_wood_434.jpg,chair_wood
gs://learning-automl-test/dataset/chair_wood/chair_wood_420.jpg,chair_wood
gs://learning-automl-test/dataset/chair_wood/chair_wood_346.jpg,chair_wood
gs://learning-automl-test/dataset/chair_wood/chair_wood_408.jpg,chair_wood
gs://learning-automl-test/dataset/chair_wood/chair_wood_193.jpg,chair_wood
gs://learning-automl-test/dataset/chair_wood/chair_wood_187.jpg,chair_wood
gs://learning-automl-test/dataset/chair_wood/chair_wood_150.jpg,chair_wood
gs://learning-automl-test/dataset/chair_wood/chair_wood_144.jpg,chair_wood
gs://learning-automl-test/dataset/chair_wood/chair_wood_178.jpg,chair_wood
gs://learning-automl-test/dataset/chair_wood/chair_wood_152.jpg,chair_wood
gs://learning-automl-test/dataset/chair_wood/chair_wood_146.jpg,chair_wood
gs://learning-automl-test/dataset/chair_wood/chair_wood_191.jpg,chair_wood
gs://learning-automl-test/dataset/chair_wood/chair_wood_185.jpg,chair_wood
gs://learning-automl-test/dataset/chair_wood/chair_wood_378.jpg,chair_wood
gs://learning-automl-test/dataset/chair_wood/chair_wood_436.jpg,chair_wood
gs://learning-automl-test/dataset/chair_wood/chair_wood_350.jpg,chair_wood
gs://learning-automl-test/dataset/chair_wood/chair_wood_344.jpg,chair_wood
gs://learning-automl-test/dataset/chair_wood/chair_wood_422.jpg,chair_wood
gs://learning-automl-test/dataset/chair_wood/chair_wood_393.jpg,chair_wood
gs://learning-automl-test/dataset/chair_wood/chair_wood_387.jpg,chair_wood
gs://learning-automl-test/dataset/chair_wood/chair_wood_218.jpg,chair_wood
gs://learning-automl-test/dataset/chair_wood/chair_wood_542.jpg,chair_wood
gs://learning-automl-test/dataset/chair_wood/chair_wood_224.jpg,chair_wood
gs://learning-automl-test/dataset/chair_wood/chair_wood_230.jpg,chair_wood
gs://learning-automl-test/dataset/chair_wood/chair_wood_556.jpg,chair_wood
gs://learning-automl-test/dataset/chair_wood/chair_wood_026.jpg,chair_wood
gs://learning-automl-test/dataset/chair_wood/chair_wood_032.jpg,chair_wood
gs://learning-automl-test/dataset/chair_wood/chair_wood_033.jpg,chair_wood
gs://learning-automl-test/dataset/chair_wood/chair_wood_027.jpg,chair_wood
gs://learning-automl-test/dataset/chair_wood/chair_wood_231.jpg,chair_wood
gs://learning-automl-test/dataset/chair_wood/chair_wood_557.jpg,chair_wood
gs://learning-automl-test/dataset/chair_wood/chair_wood_543.jpg,chair_wood
gs://learning-automl-test/dataset/chair_wood/chair_wood_225.jpg,chair_wood
gs://learning-automl-test/dataset/chair_wood/chair_wood_219.jpg,chair_wood
gs://learning-automl-test/dataset/chair_wood/chair_wood_386.jpg,chair_wood
gs://learning-automl-test/dataset/chair_wood/chair_wood_392.jpg,chair_wood
gs://learning-automl-test/dataset/chair_wood/chair_wood_345.jpg,chair_wood
gs://learning-automl-test/dataset/chair_wood/chair_wood_423.jpg,chair_wood
gs://learning-automl-test/dataset/chair_wood/chair_wood_437.jpg,chair_wood
gs://learning-automl-test/dataset/chair_wood/chair_wood_351.jpg,chair_wood
gs://learning-automl-test/dataset/chair_wood/chair_wood_379.jpg,chair_wood
gs://learning-automl-test/dataset/chair_wood/chair_wood_184.jpg,chair_wood
gs://learning-automl-test/dataset/chair_wood/chair_wood_190.jpg,chair_wood
gs://learning-automl-test/dataset/chair_wood/chair_wood_147.jpg,chair_wood
gs://learning-automl-test/dataset/chair_wood/chair_wood_153.jpg,chair_wood
gs://learning-automl-test/dataset/chair_wood/chair_wood_157.jpg,chair_wood
gs://learning-automl-test/dataset/chair_wood/chair_wood_143.jpg,chair_wood
gs://learning-automl-test/dataset/chair_wood/chair_wood_194.jpg,chair_wood
gs://learning-automl-test/dataset/chair_wood/chair_wood_180.jpg,chair_wood
gs://learning-automl-test/dataset/chair_wood/chair_wood_355.jpg,chair_wood
gs://learning-automl-test/dataset/chair_wood/chair_wood_433.jpg,chair_wood
gs://learning-automl-test/dataset/chair_wood/chair_wood_427.jpg,chair_wood
gs://learning-automl-test/dataset/chair_wood/chair_wood_341.jpg,chair_wood
gs://learning-automl-test/dataset/chair_wood/chair_wood_369.jpg,chair_wood
gs://learning-automl-test/dataset/chair_wood/chair_wood_396.jpg,chair_wood
gs://learning-automl-test/dataset/chair_wood/chair_wood_382.jpg,chair_wood
gs://learning-automl-test/dataset/chair_wood/chair_wood_221.jpg,chair_wood
gs://learning-automl-test/dataset/chair_wood/chair_wood_547.jpg,chair_wood
gs://learning-automl-test/dataset/chair_wood/chair_wood_553.jpg,chair_wood
gs://learning-automl-test/dataset/chair_wood/chair_wood_235.jpg,chair_wood
gs://learning-automl-test/dataset/chair_wood/chair_wood_209.jpg,chair_wood
gs://learning-automl-test/dataset/chair_wood/chair_wood_023.jpg,chair_wood
gs://learning-automl-test/dataset/chair_wood/chair_wood_037.jpg,chair_wood
gs://learning-automl-test/dataset/chair_wood/chair_wood_036.jpg,chair_wood
gs://learning-automl-test/dataset/chair_wood/chair_wood_022.jpg,chair_wood
gs://learning-automl-test/dataset/chair_wood/chair_wood_208.jpg,chair_wood
gs://learning-automl-test/dataset/chair_wood/chair_wood_552.jpg,chair_wood
gs://learning-automl-test/dataset/chair_wood/chair_wood_234.jpg,chair_wood
gs://learning-automl-test/dataset/chair_wood/chair_wood_220.jpg,chair_wood
gs://learning-automl-test/dataset/chair_wood/chair_wood_546.jpg,chair_wood
gs://learning-automl-test/dataset/chair_wood/chair_wood_383.jpg,chair_wood
gs://learning-automl-test/dataset/chair_wood/chair_wood_397.jpg,chair_wood
gs://learning-automl-test/dataset/chair_wood/chair_wood_368.jpg,chair_wood
gs://learning-automl-test/dataset/chair_wood/chair_wood_426.jpg,chair_wood
gs://learning-automl-test/dataset/chair_wood/chair_wood_340.jpg,chair_wood
gs://learning-automl-test/dataset/chair_wood/chair_wood_354.jpg,chair_wood
gs://learning-automl-test/dataset/chair_wood/chair_wood_432.jpg,chair_wood
gs://learning-automl-test/dataset/chair_wood/chair_wood_181.jpg,chair_wood
gs://learning-automl-test/dataset/chair_wood/chair_wood_195.jpg,chair_wood
gs://learning-automl-test/dataset/chair_wood/chair_wood_142.jpg,chair_wood
gs://learning-automl-test/dataset/chair_wood/chair_wood_156.jpg,chair_wood
gs://learning-automl-test/dataset/chair_wood/chair_wood_140.jpg,chair_wood
gs://learning-automl-test/dataset/chair_wood/chair_wood_154.jpg,chair_wood
gs://learning-automl-test/dataset/chair_wood/chair_wood_168.jpg,chair_wood
gs://learning-automl-test/dataset/chair_wood/chair_wood_183.jpg,chair_wood
gs://learning-automl-test/dataset/chair_wood/chair_wood_197.jpg,chair_wood
gs://learning-automl-test/dataset/chair_wood/chair_wood_342.jpg,chair_wood
gs://learning-automl-test/dataset/chair_wood/chair_wood_424.jpg,chair_wood
gs://learning-automl-test/dataset/chair_wood/chair_wood_430.jpg,chair_wood
gs://learning-automl-test/dataset/chair_wood/chair_wood_356.jpg,chair_wood
gs://learning-automl-test/dataset/chair_wood/chair_wood_418.jpg,chair_wood
gs://learning-automl-test/dataset/chair_wood/chair_wood_381.jpg,chair_wood
gs://learning-automl-test/dataset/chair_wood/chair_wood_395.jpg,chair_wood
gs://learning-automl-test/dataset/chair_wood/chair_wood_236.jpg,chair_wood
gs://learning-automl-test/dataset/chair_wood/chair_wood_550.jpg,chair_wood
gs://learning-automl-test/dataset/chair_wood/chair_wood_544.jpg,chair_wood
gs://learning-automl-test/dataset/chair_wood/chair_wood_222.jpg,chair_wood
gs://learning-automl-test/dataset/chair_wood/chair_wood_034.jpg,chair_wood
gs://learning-automl-test/dataset/chair_wood/chair_wood_020.jpg,chair_wood
gs://learning-automl-test/dataset/chair_wood/chair_wood_008.jpg,chair_wood
gs://learning-automl-test/dataset/chair_wood/chair_wood_009.jpg,chair_wood
gs://learning-automl-test/dataset/chair_wood/chair_wood_021.jpg,chair_wood
gs://learning-automl-test/dataset/chair_wood/chair_wood_035.jpg,chair_wood
gs://learning-automl-test/dataset/chair_wood/chair_wood_545.jpg,chair_wood
gs://learning-automl-test/dataset/chair_wood/chair_wood_223.jpg,chair_wood
gs://learning-automl-test/dataset/chair_wood/chair_wood_237.jpg,chair_wood
gs://learning-automl-test/dataset/chair_wood/chair_wood_551.jpg,chair_wood
gs://learning-automl-test/dataset/chair_wood/chair_wood_394.jpg,chair_wood
gs://learning-automl-test/dataset/chair_wood/chair_wood_380.jpg,chair_wood
gs://learning-automl-test/dataset/chair_wood/chair_wood_419.jpg,chair_wood
gs://learning-automl-test/dataset/chair_wood/chair_wood_431.jpg,chair_wood
gs://learning-automl-test/dataset/chair_wood/chair_wood_357.jpg,chair_wood
gs://learning-automl-test/dataset/chair_wood/chair_wood_343.jpg,chair_wood
gs://learning-automl-test/dataset/chair_wood/chair_wood_425.jpg,chair_wood
gs://learning-automl-test/dataset/chair_wood/chair_wood_196.jpg,chair_wood
gs://learning-automl-test/dataset/chair_wood/chair_wood_182.jpg,chair_wood
gs://learning-automl-test/dataset/chair_wood/chair_wood_169.jpg,chair_wood
gs://learning-automl-test/dataset/chair_wood/chair_wood_155.jpg,chair_wood
gs://learning-automl-test/dataset/chair_wood/chair_wood_141.jpg,chair_wood
gs://learning-automl-test/dataset/chair_wood/chair_wood_126.jpg,chair_wood
gs://learning-automl-test/dataset/chair_wood/chair_wood_132.jpg,chair_wood
gs://learning-automl-test/dataset/chair_wood/chair_wood_318.jpg,chair_wood
gs://learning-automl-test/dataset/chair_wood/chair_wood_324.jpg,chair_wood
gs://learning-automl-test/dataset/chair_wood/chair_wood_442.jpg,chair_wood
gs://learning-automl-test/dataset/chair_wood/chair_wood_456.jpg,chair_wood
gs://learning-automl-test/dataset/chair_wood/chair_wood_330.jpg,chair_wood
gs://learning-automl-test/dataset/chair_wood/chair_wood_481.jpg,chair_wood
gs://learning-automl-test/dataset/chair_wood/chair_wood_495.jpg,chair_wood
gs://learning-automl-test/dataset/chair_wood/chair_wood_278.jpg,chair_wood
gs://learning-automl-test/dataset/chair_wood/chair_wood_250.jpg,chair_wood
gs://learning-automl-test/dataset/chair_wood/chair_wood_536.jpg,chair_wood
gs://learning-automl-test/dataset/chair_wood/chair_wood_522.jpg,chair_wood
gs://learning-automl-test/dataset/chair_wood/chair_wood_244.jpg,chair_wood
gs://learning-automl-test/dataset/chair_wood/chair_wood_293.jpg,chair_wood
gs://learning-automl-test/dataset/chair_wood/chair_wood_287.jpg,chair_wood
gs://learning-automl-test/dataset/chair_wood/chair_wood_052.jpg,chair_wood
gs://learning-automl-test/dataset/chair_wood/chair_wood_046.jpg,chair_wood
gs://learning-automl-test/dataset/chair_wood/chair_wood_091.jpg,chair_wood
gs://learning-automl-test/dataset/chair_wood/chair_wood_085.jpg,chair_wood
gs://learning-automl-test/dataset/chair_wood/chair_wood_084.jpg,chair_wood
gs://learning-automl-test/dataset/chair_wood/chair_wood_090.jpg,chair_wood
gs://learning-automl-test/dataset/chair_wood/chair_wood_047.jpg,chair_wood
gs://learning-automl-test/dataset/chair_wood/chair_wood_053.jpg,chair_wood
gs://learning-automl-test/dataset/chair_wood/chair_wood_286.jpg,chair_wood
gs://learning-automl-test/dataset/chair_wood/chair_wood_292.jpg,chair_wood
gs://learning-automl-test/dataset/chair_wood/chair_wood_523.jpg,chair_wood
gs://learning-automl-test/dataset/chair_wood/chair_wood_245.jpg,chair_wood
gs://learning-automl-test/dataset/chair_wood/chair_wood_251.jpg,chair_wood
gs://learning-automl-test/dataset/chair_wood/chair_wood_537.jpg,chair_wood
gs://learning-automl-test/dataset/chair_wood/chair_wood_279.jpg,chair_wood
gs://learning-automl-test/dataset/chair_wood/chair_wood_494.jpg,chair_wood
gs://learning-automl-test/dataset/chair_wood/chair_wood_480.jpg,chair_wood
gs://learning-automl-test/dataset/chair_wood/chair_wood_457.jpg,chair_wood
gs://learning-automl-test/dataset/chair_wood/chair_wood_331.jpg,chair_wood
gs://learning-automl-test/dataset/chair_wood/chair_wood_325.jpg,chair_wood
gs://learning-automl-test/dataset/chair_wood/chair_wood_443.jpg,chair_wood
gs://learning-automl-test/dataset/chair_wood/chair_wood_319.jpg,chair_wood
gs://learning-automl-test/dataset/chair_wood/chair_wood_133.jpg,chair_wood
gs://learning-automl-test/dataset/chair_wood/chair_wood_127.jpg,chair_wood
gs://learning-automl-test/dataset/chair_wood/chair_wood_119.jpg,chair_wood
gs://learning-automl-test/dataset/chair_wood/chair_wood_131.jpg,chair_wood
gs://learning-automl-test/dataset/chair_wood/chair_wood_125.jpg,chair_wood
gs://learning-automl-test/dataset/chair_wood/chair_wood_469.jpg,chair_wood
gs://learning-automl-test/dataset/chair_wood/chair_wood_333.jpg,chair_wood
gs://learning-automl-test/dataset/chair_wood/chair_wood_455.jpg,chair_wood
gs://learning-automl-test/dataset/chair_wood/chair_wood_441.jpg,chair_wood
gs://learning-automl-test/dataset/chair_wood/chair_wood_327.jpg,chair_wood
gs://learning-automl-test/dataset/chair_wood/chair_wood_496.jpg,chair_wood
gs://learning-automl-test/dataset/chair_wood/chair_wood_482.jpg,chair_wood
gs://learning-automl-test/dataset/chair_wood/chair_wood_509.jpg,chair_wood
gs://learning-automl-test/dataset/chair_wood/chair_wood_247.jpg,chair_wood
gs://learning-automl-test/dataset/chair_wood/chair_wood_521.jpg,chair_wood
gs://learning-automl-test/dataset/chair_wood/chair_wood_535.jpg,chair_wood
gs://learning-automl-test/dataset/chair_wood/chair_wood_253.jpg,chair_wood
gs://learning-automl-test/dataset/chair_wood/chair_wood_284.jpg,chair_wood
gs://learning-automl-test/dataset/chair_wood/chair_wood_290.jpg,chair_wood
gs://learning-automl-test/dataset/chair_wood/chair_wood_079.jpg,chair_wood
gs://learning-automl-test/dataset/chair_wood/chair_wood_045.jpg,chair_wood
gs://learning-automl-test/dataset/chair_wood/chair_wood_051.jpg,chair_wood
gs://learning-automl-test/dataset/chair_wood/chair_wood_086.jpg,chair_wood
gs://learning-automl-test/dataset/chair_wood/chair_wood_092.jpg,chair_wood
gs://learning-automl-test/dataset/chair_wood/chair_wood_093.jpg,chair_wood
gs://learning-automl-test/dataset/chair_wood/chair_wood_087.jpg,chair_wood
gs://learning-automl-test/dataset/chair_wood/chair_wood_050.jpg,chair_wood
gs://learning-automl-test/dataset/chair_wood/chair_wood_044.jpg,chair_wood
gs://learning-automl-test/dataset/chair_wood/chair_wood_078.jpg,chair_wood
gs://learning-automl-test/dataset/chair_wood/chair_wood_291.jpg,chair_wood
gs://learning-automl-test/dataset/chair_wood/chair_wood_285.jpg,chair_wood
gs://learning-automl-test/dataset/chair_wood/chair_wood_534.jpg,chair_wood
gs://learning-automl-test/dataset/chair_wood/chair_wood_252.jpg,chair_wood
gs://learning-automl-test/dataset/chair_wood/chair_wood_246.jpg,chair_wood
gs://learning-automl-test/dataset/chair_wood/chair_wood_520.jpg,chair_wood
gs://learning-automl-test/dataset/chair_wood/chair_wood_508.jpg,chair_wood
gs://learning-automl-test/dataset/chair_wood/chair_wood_483.jpg,chair_wood
gs://learning-automl-test/dataset/chair_wood/chair_wood_497.jpg,chair_wood
gs://learning-automl-test/dataset/chair_wood/chair_wood_440.jpg,chair_wood
gs://learning-automl-test/dataset/chair_wood/chair_wood_326.jpg,chair_wood
gs://learning-automl-test/dataset/chair_wood/chair_wood_332.jpg,chair_wood
gs://learning-automl-test/dataset/chair_wood/chair_wood_454.jpg,chair_wood
gs://learning-automl-test/dataset/chair_wood/chair_wood_468.jpg,chair_wood
gs://learning-automl-test/dataset/chair_wood/chair_wood_124.jpg,chair_wood
gs://learning-automl-test/dataset/chair_wood/chair_wood_130.jpg,chair_wood
gs://learning-automl-test/dataset/chair_wood/chair_wood_118.jpg,chair_wood
gs://learning-automl-test/dataset/chair_wood/chair_wood_134.jpg,chair_wood
gs://learning-automl-test/dataset/chair_wood/chair_wood_120.jpg,chair_wood
gs://learning-automl-test/dataset/chair_wood/chair_wood_108.jpg,chair_wood
gs://learning-automl-test/dataset/chair_wood/chair_wood_450.jpg,chair_wood
gs://learning-automl-test/dataset/chair_wood/chair_wood_336.jpg,chair_wood
gs://learning-automl-test/dataset/chair_wood/chair_wood_322.jpg,chair_wood
gs://learning-automl-test/dataset/chair_wood/chair_wood_444.jpg,chair_wood
gs://learning-automl-test/dataset/chair_wood/chair_wood_478.jpg,chair_wood
gs://learning-automl-test/dataset/chair_wood/chair_wood_493.jpg,chair_wood
gs://learning-automl-test/dataset/chair_wood/chair_wood_487.jpg,chair_wood
gs://learning-automl-test/dataset/chair_wood/chair_wood_524.jpg,chair_wood
gs://learning-automl-test/dataset/chair_wood/chair_wood_242.jpg,chair_wood
gs://learning-automl-test/dataset/chair_wood/chair_wood_256.jpg,chair_wood
gs://learning-automl-test/dataset/chair_wood/chair_wood_530.jpg,chair_wood
gs://learning-automl-test/dataset/chair_wood/chair_wood_518.jpg,chair_wood
gs://learning-automl-test/dataset/chair_wood/chair_wood_281.jpg,chair_wood
gs://learning-automl-test/dataset/chair_wood/chair_wood_295.jpg,chair_wood
gs://learning-automl-test/dataset/chair_wood/chair_wood_040.jpg,chair_wood
gs://learning-automl-test/dataset/chair_wood/chair_wood_054.jpg,chair_wood
gs://learning-automl-test/dataset/chair_wood/chair_wood_068.jpg,chair_wood
gs://learning-automl-test/dataset/chair_wood/chair_wood_083.jpg,chair_wood
gs://learning-automl-test/dataset/chair_wood/chair_wood_097.jpg,chair_wood
gs://learning-automl-test/dataset/chair_wood/chair_wood_096.jpg,chair_wood
gs://learning-automl-test/dataset/chair_wood/chair_wood_082.jpg,chair_wood
gs://learning-automl-test/dataset/chair_wood/chair_wood_069.jpg,chair_wood
gs://learning-automl-test/dataset/chair_wood/chair_wood_055.jpg,chair_wood
gs://learning-automl-test/dataset/chair_wood/chair_wood_041.jpg,chair_wood
gs://learning-automl-test/dataset/chair_wood/chair_wood_294.jpg,chair_wood
gs://learning-automl-test/dataset/chair_wood/chair_wood_280.jpg,chair_wood
gs://learning-automl-test/dataset/chair_wood/chair_wood_519.jpg,chair_wood
gs://learning-automl-test/dataset/chair_wood/chair_wood_257.jpg,chair_wood
gs://learning-automl-test/dataset/chair_wood/chair_wood_531.jpg,chair_wood
gs://learning-automl-test/dataset/chair_wood/chair_wood_525.jpg,chair_wood
gs://learning-automl-test/dataset/chair_wood/chair_wood_243.jpg,chair_wood
gs://learning-automl-test/dataset/chair_wood/chair_wood_486.jpg,chair_wood
gs://learning-automl-test/dataset/chair_wood/chair_wood_492.jpg,chair_wood
gs://learning-automl-test/dataset/chair_wood/chair_wood_479.jpg,chair_wood
gs://learning-automl-test/dataset/chair_wood/chair_wood_323.jpg,chair_wood
gs://learning-automl-test/dataset/chair_wood/chair_wood_445.jpg,chair_wood
gs://learning-automl-test/dataset/chair_wood/chair_wood_451.jpg,chair_wood
gs://learning-automl-test/dataset/chair_wood/chair_wood_337.jpg,chair_wood
gs://learning-automl-test/dataset/chair_wood/chair_wood_109.jpg,chair_wood
gs://learning-automl-test/dataset/chair_wood/chair_wood_121.jpg,chair_wood
gs://learning-automl-test/dataset/chair_wood/chair_wood_135.jpg,chair_wood
gs://learning-automl-test/dataset/chair_wood/chair_wood_123.jpg,chair_wood
gs://learning-automl-test/dataset/chair_wood/chair_wood_137.jpg,chair_wood
gs://learning-automl-test/dataset/chair_wood/chair_wood_447.jpg,chair_wood
gs://learning-automl-test/dataset/chair_wood/chair_wood_321.jpg,chair_wood
gs://learning-automl-test/dataset/chair_wood/chair_wood_335.jpg,chair_wood
gs://learning-automl-test/dataset/chair_wood/chair_wood_453.jpg,chair_wood
gs://learning-automl-test/dataset/chair_wood/chair_wood_309.jpg,chair_wood
gs://learning-automl-test/dataset/chair_wood/chair_wood_484.jpg,chair_wood
gs://learning-automl-test/dataset/chair_wood/chair_wood_490.jpg,chair_wood
gs://learning-automl-test/dataset/chair_wood/chair_wood_533.jpg,chair_wood
gs://learning-automl-test/dataset/chair_wood/chair_wood_255.jpg,chair_wood
gs://learning-automl-test/dataset/chair_wood/chair_wood_241.jpg,chair_wood
gs://learning-automl-test/dataset/chair_wood/chair_wood_527.jpg,chair_wood
gs://learning-automl-test/dataset/chair_wood/chair_wood_269.jpg,chair_wood
gs://learning-automl-test/dataset/chair_wood/chair_wood_296.jpg,chair_wood
gs://learning-automl-test/dataset/chair_wood/chair_wood_282.jpg,chair_wood
gs://learning-automl-test/dataset/chair_wood/chair_wood_057.jpg,chair_wood
gs://learning-automl-test/dataset/chair_wood/chair_wood_043.jpg,chair_wood
gs://learning-automl-test/dataset/chair_wood/chair_wood_094.jpg,chair_wood
gs://learning-automl-test/dataset/chair_wood/chair_wood_080.jpg,chair_wood
gs://learning-automl-test/dataset/chair_wood/chair_wood_081.jpg,chair_wood
gs://learning-automl-test/dataset/chair_wood/chair_wood_095.jpg,chair_wood
gs://learning-automl-test/dataset/chair_wood/chair_wood_042.jpg,chair_wood
gs://learning-automl-test/dataset/chair_wood/chair_wood_056.jpg,chair_wood
gs://learning-automl-test/dataset/chair_wood/chair_wood_283.jpg,chair_wood
gs://learning-automl-test/dataset/chair_wood/chair_wood_297.jpg,chair_wood
gs://learning-automl-test/dataset/chair_wood/chair_wood_268.jpg,chair_wood
gs://learning-automl-test/dataset/chair_wood/chair_wood_240.jpg,chair_wood
gs://learning-automl-test/dataset/chair_wood/chair_wood_526.jpg,chair_wood
gs://learning-automl-test/dataset/chair_wood/chair_wood_532.jpg,chair_wood
gs://learning-automl-test/dataset/chair_wood/chair_wood_254.jpg,chair_wood
gs://learning-automl-test/dataset/chair_wood/chair_wood_491.jpg,chair_wood
gs://learning-automl-test/dataset/chair_wood/chair_wood_485.jpg,chair_wood
gs://learning-automl-test/dataset/chair_wood/chair_wood_308.jpg,chair_wood
gs://learning-automl-test/dataset/chair_wood/chair_wood_334.jpg,chair_wood
gs://learning-automl-test/dataset/chair_wood/chair_wood_452.jpg,chair_wood
gs://learning-automl-test/dataset/chair_wood/chair_wood_446.jpg,chair_wood
gs://learning-automl-test/dataset/chair_wood/chair_wood_320.jpg,chair_wood
gs://learning-automl-test/dataset/chair_wood/chair_wood_136.jpg,chair_wood
gs://learning-automl-test/dataset/chair_wood/chair_wood_122.jpg,chair_wood
gs://learning-automl-test/dataset/chair_wood/chair_wood_107.jpg,chair_wood
gs://learning-automl-test/dataset/chair_wood/chair_wood_113.jpg,chair_wood
gs://learning-automl-test/dataset/chair_wood/chair_wood_339.jpg,chair_wood
gs://learning-automl-test/dataset/chair_wood/chair_wood_305.jpg,chair_wood
gs://learning-automl-test/dataset/chair_wood/chair_wood_463.jpg,chair_wood
gs://learning-automl-test/dataset/chair_wood/chair_wood_477.jpg,chair_wood
gs://learning-automl-test/dataset/chair_wood/chair_wood_311.jpg,chair_wood
gs://learning-automl-test/dataset/chair_wood/chair_wood_488.jpg,chair_wood
gs://learning-automl-test/dataset/chair_wood/chair_wood_259.jpg,chair_wood
gs://learning-automl-test/dataset/chair_wood/chair_wood_271.jpg,chair_wood
gs://learning-automl-test/dataset/chair_wood/chair_wood_517.jpg,chair_wood
gs://learning-automl-test/dataset/chair_wood/chair_wood_503.jpg,chair_wood
gs://learning-automl-test/dataset/chair_wood/chair_wood_265.jpg,chair_wood
gs://learning-automl-test/dataset/chair_wood/chair_wood_073.jpg,chair_wood
gs://learning-automl-test/dataset/chair_wood/chair_wood_067.jpg,chair_wood
gs://learning-automl-test/dataset/chair_wood/chair_wood_098.jpg,chair_wood
gs://learning-automl-test/dataset/chair_wood/chair_wood_099.jpg,chair_wood
gs://learning-automl-test/dataset/chair_wood/chair_wood_066.jpg,chair_wood
gs://learning-automl-test/dataset/chair_wood/chair_wood_072.jpg,chair_wood
gs://learning-automl-test/dataset/chair_wood/chair_wood_502.jpg,chair_wood
gs://learning-automl-test/dataset/chair_wood/chair_wood_264.jpg,chair_wood
gs://learning-automl-test/dataset/chair_wood/chair_wood_270.jpg,chair_wood
gs://learning-automl-test/dataset/chair_wood/chair_wood_516.jpg,chair_wood
gs://learning-automl-test/dataset/chair_wood/chair_wood_258.jpg,chair_wood
gs://learning-automl-test/dataset/chair_wood/chair_wood_489.jpg,chair_wood
gs://learning-automl-test/dataset/chair_wood/chair_wood_476.jpg,chair_wood
gs://learning-automl-test/dataset/chair_wood/chair_wood_310.jpg,chair_wood
gs://learning-automl-test/dataset/chair_wood/chair_wood_304.jpg,chair_wood
gs://learning-automl-test/dataset/chair_wood/chair_wood_462.jpg,chair_wood
gs://learning-automl-test/dataset/chair_wood/chair_wood_338.jpg,chair_wood
gs://learning-automl-test/dataset/chair_wood/chair_wood_112.jpg,chair_wood
gs://learning-automl-test/dataset/chair_wood/chair_wood_106.jpg,chair_wood
gs://learning-automl-test/dataset/chair_wood/chair_wood_138.jpg,chair_wood
gs://learning-automl-test/dataset/chair_wood/chair_wood_110.jpg,chair_wood
gs://learning-automl-test/dataset/chair_wood/chair_wood_104.jpg,chair_wood
gs://learning-automl-test/dataset/chair_wood/chair_wood_448.jpg,chair_wood
gs://learning-automl-test/dataset/chair_wood/chair_wood_312.jpg,chair_wood
gs://learning-automl-test/dataset/chair_wood/chair_wood_474.jpg,chair_wood
gs://learning-automl-test/dataset/chair_wood/chair_wood_460.jpg,chair_wood
gs://learning-automl-test/dataset/chair_wood/chair_wood_306.jpg,chair_wood
gs://learning-automl-test/dataset/chair_wood/chair_wood_528.jpg,chair_wood
gs://learning-automl-test/dataset/chair_wood/chair_wood_266.jpg,chair_wood
gs://learning-automl-test/dataset/chair_wood/chair_wood_500.jpg,chair_wood
gs://learning-automl-test/dataset/chair_wood/chair_wood_514.jpg,chair_wood
gs://learning-automl-test/dataset/chair_wood/chair_wood_272.jpg,chair_wood
gs://learning-automl-test/dataset/chair_wood/chair_wood_299.jpg,chair_wood
gs://learning-automl-test/dataset/chair_wood/chair_wood_058.jpg,chair_wood
gs://learning-automl-test/dataset/chair_wood/chair_wood_064.jpg,chair_wood
gs://learning-automl-test/dataset/chair_wood/chair_wood_070.jpg,chair_wood
gs://learning-automl-test/dataset/chair_wood/chair_wood_071.jpg,chair_wood
gs://learning-automl-test/dataset/chair_wood/chair_wood_065.jpg,chair_wood
gs://learning-automl-test/dataset/chair_wood/chair_wood_059.jpg,chair_wood
gs://learning-automl-test/dataset/chair_wood/chair_wood_298.jpg,chair_wood
gs://learning-automl-test/dataset/chair_wood/chair_wood_515.jpg,chair_wood
gs://learning-automl-test/dataset/chair_wood/chair_wood_273.jpg,chair_wood
gs://learning-automl-test/dataset/chair_wood/chair_wood_267.jpg,chair_wood
gs://learning-automl-test/dataset/chair_wood/chair_wood_501.jpg,chair_wood
gs://learning-automl-test/dataset/chair_wood/chair_wood_529.jpg,chair_wood
gs://learning-automl-test/dataset/chair_wood/chair_wood_461.jpg,chair_wood
gs://learning-automl-test/dataset/chair_wood/chair_wood_307.jpg,chair_wood
gs://learning-automl-test/dataset/chair_wood/chair_wood_313.jpg,chair_wood
gs://learning-automl-test/dataset/chair_wood/chair_wood_475.jpg,chair_wood
gs://learning-automl-test/dataset/chair_wood/chair_wood_449.jpg,chair_wood
gs://learning-automl-test/dataset/chair_wood/chair_wood_105.jpg,chair_wood
gs://learning-automl-test/dataset/chair_wood/chair_wood_111.jpg,chair_wood
gs://learning-automl-test/dataset/chair_wood/chair_wood_139.jpg,chair_wood
gs://learning-automl-test/dataset/chair_wood/chair_wood_115.jpg,chair_wood
gs://learning-automl-test/dataset/chair_wood/chair_wood_101.jpg,chair_wood
gs://learning-automl-test/dataset/chair_wood/chair_wood_129.jpg,chair_wood
gs://learning-automl-test/dataset/chair_wood/chair_wood_471.jpg,chair_wood
gs://learning-automl-test/dataset/chair_wood/chair_wood_317.jpg,chair_wood
gs://learning-automl-test/dataset/chair_wood/chair_wood_303.jpg,chair_wood
gs://learning-automl-test/dataset/chair_wood/chair_wood_465.jpg,chair_wood
gs://learning-automl-test/dataset/chair_wood/chair_wood_459.jpg,chair_wood
gs://learning-automl-test/dataset/chair_wood/chair_wood_505.jpg,chair_wood
gs://learning-automl-test/dataset/chair_wood/chair_wood_263.jpg,chair_wood
gs://learning-automl-test/dataset/chair_wood/chair_wood_277.jpg,chair_wood
gs://learning-automl-test/dataset/chair_wood/chair_wood_511.jpg,chair_wood
gs://learning-automl-test/dataset/chair_wood/chair_wood_539.jpg,chair_wood
gs://learning-automl-test/dataset/chair_wood/chair_wood_288.jpg,chair_wood
gs://learning-automl-test/dataset/chair_wood/chair_wood_061.jpg,chair_wood
gs://learning-automl-test/dataset/chair_wood/chair_wood_075.jpg,chair_wood
gs://learning-automl-test/dataset/chair_wood/chair_wood_049.jpg,chair_wood
gs://learning-automl-test/dataset/chair_wood/chair_wood_048.jpg,chair_wood
gs://learning-automl-test/dataset/chair_wood/chair_wood_074.jpg,chair_wood
gs://learning-automl-test/dataset/chair_wood/chair_wood_060.jpg,chair_wood
gs://learning-automl-test/dataset/chair_wood/chair_wood_289.jpg,chair_wood
gs://learning-automl-test/dataset/chair_wood/chair_wood_538.jpg,chair_wood
gs://learning-automl-test/dataset/chair_wood/chair_wood_276.jpg,chair_wood
gs://learning-automl-test/dataset/chair_wood/chair_wood_510.jpg,chair_wood
gs://learning-automl-test/dataset/chair_wood/chair_wood_504.jpg,chair_wood
gs://learning-automl-test/dataset/chair_wood/chair_wood_262.jpg,chair_wood
gs://learning-automl-test/dataset/chair_wood/chair_wood_458.jpg,chair_wood
gs://learning-automl-test/dataset/chair_wood/chair_wood_302.jpg,chair_wood
gs://learning-automl-test/dataset/chair_wood/chair_wood_464.jpg,chair_wood
gs://learning-automl-test/dataset/chair_wood/chair_wood_470.jpg,chair_wood
gs://learning-automl-test/dataset/chair_wood/chair_wood_316.jpg,chair_wood
gs://learning-automl-test/dataset/chair_wood/chair_wood_128.jpg,chair_wood
gs://learning-automl-test/dataset/chair_wood/chair_wood_100.jpg,chair_wood
gs://learning-automl-test/dataset/chair_wood/chair_wood_114.jpg,chair_wood
gs://learning-automl-test/dataset/chair_wood/chair_wood_102.jpg,chair_wood
gs://learning-automl-test/dataset/chair_wood/chair_wood_116.jpg,chair_wood
gs://learning-automl-test/dataset/chair_wood/chair_wood_466.jpg,chair_wood
gs://learning-automl-test/dataset/chair_wood/chair_wood_300.jpg,chair_wood
gs://learning-automl-test/dataset/chair_wood/chair_wood_314.jpg,chair_wood
gs://learning-automl-test/dataset/chair_wood/chair_wood_472.jpg,chair_wood
gs://learning-automl-test/dataset/chair_wood/chair_wood_328.jpg,chair_wood
gs://learning-automl-test/dataset/chair_wood/chair_wood_499.jpg,chair_wood
gs://learning-automl-test/dataset/chair_wood/chair_wood_512.jpg,chair_wood
gs://learning-automl-test/dataset/chair_wood/chair_wood_274.jpg,chair_wood
gs://learning-automl-test/dataset/chair_wood/chair_wood_260.jpg,chair_wood
gs://learning-automl-test/dataset/chair_wood/chair_wood_506.jpg,chair_wood
gs://learning-automl-test/dataset/chair_wood/chair_wood_248.jpg,chair_wood
gs://learning-automl-test/dataset/chair_wood/chair_wood_076.jpg,chair_wood
gs://learning-automl-test/dataset/chair_wood/chair_wood_062.jpg,chair_wood
gs://learning-automl-test/dataset/chair_wood/chair_wood_089.jpg,chair_wood
gs://learning-automl-test/dataset/chair_wood/chair_wood_088.jpg,chair_wood
gs://learning-automl-test/dataset/chair_wood/chair_wood_063.jpg,chair_wood
gs://learning-automl-test/dataset/chair_wood/chair_wood_077.jpg,chair_wood
gs://learning-automl-test/dataset/chair_wood/chair_wood_249.jpg,chair_wood
gs://learning-automl-test/dataset/chair_wood/chair_wood_261.jpg,chair_wood
gs://learning-automl-test/dataset/chair_wood/chair_wood_507.jpg,chair_wood
gs://learning-automl-test/dataset/chair_wood/chair_wood_513.jpg,chair_wood
gs://learning-automl-test/dataset/chair_wood/chair_wood_275.jpg,chair_wood
gs://learning-automl-test/dataset/chair_wood/chair_wood_498.jpg,chair_wood
gs://learning-automl-test/dataset/chair_wood/chair_wood_329.jpg,chair_wood
gs://learning-automl-test/dataset/chair_wood/chair_wood_315.jpg,chair_wood
gs://learning-automl-test/dataset/chair_wood/chair_wood_473.jpg,chair_wood
gs://learning-automl-test/dataset/chair_wood/chair_wood_467.jpg,chair_wood
gs://learning-automl-test/dataset/chair_wood/chair_wood_301.jpg,chair_wood
gs://learning-automl-test/dataset/chair_wood/chair_wood_117.jpg,chair_wood
gs://learning-automl-test/dataset/chair_wood/chair_wood_103.jpg,chair_wood
gs://learning-automl-test/dataset/chair_wood/chair_wood_158.jpg,chair_wood
gs://learning-automl-test/dataset/chair_wood/chair_wood_164.jpg,chair_wood
gs://learning-automl-test/dataset/chair_wood/chair_wood_170.jpg,chair_wood
gs://learning-automl-test/dataset/chair_wood/chair_wood_428.jpg,chair_wood
gs://learning-automl-test/dataset/chair_wood/chair_wood_400.jpg,chair_wood
gs://learning-automl-test/dataset/chair_wood/chair_wood_366.jpg,chair_wood
gs://learning-automl-test/dataset/chair_wood/chair_wood_372.jpg,chair_wood
gs://learning-automl-test/dataset/chair_wood/chair_wood_414.jpg,chair_wood
gs://learning-automl-test/dataset/chair_wood/chair_wood_399.jpg,chair_wood
gs://learning-automl-test/dataset/chair_wood/chair_wood_548.jpg,chair_wood
gs://learning-automl-test/dataset/chair_wood/chair_wood_212.jpg,chair_wood
gs://learning-automl-test/dataset/chair_wood/chair_wood_206.jpg,chair_wood
gs://learning-automl-test/dataset/chair_wood/chair_wood_560.jpg,chair_wood
gs://learning-automl-test/dataset/chair_wood/chair_wood_038.jpg,chair_wood
gs://learning-automl-test/dataset/chair_wood/chair_wood_010.jpg,chair_wood
gs://learning-automl-test/dataset/chair_wood/chair_wood_004.jpg,chair_wood
gs://learning-automl-test/dataset/chair_wood/chair_wood_005.jpg,chair_wood
gs://learning-automl-test/dataset/chair_wood/chair_wood_011.jpg,chair_wood
gs://learning-automl-test/dataset/chair_wood/chair_wood_039.jpg,chair_wood
gs://learning-automl-test/dataset/chair_wood/chair_wood_207.jpg,chair_wood
gs://learning-automl-test/dataset/chair_wood/chair_wood_561.jpg,chair_wood
gs://learning-automl-test/dataset/chair_wood/chair_wood_213.jpg,chair_wood
gs://learning-automl-test/dataset/chair_wood/chair_wood_549.jpg,chair_wood
gs://learning-automl-test/dataset/chair_wood/chair_wood_398.jpg,chair_wood
gs://learning-automl-test/dataset/chair_wood/chair_wood_373.jpg,chair_wood
gs://learning-automl-test/dataset/chair_wood/chair_wood_415.jpg,chair_wood
gs://learning-automl-test/dataset/chair_wood/chair_wood_401.jpg,chair_wood
gs://learning-automl-test/dataset/chair_wood/chair_wood_367.jpg,chair_wood
gs://learning-automl-test/dataset/chair_wood/chair_wood_429.jpg,chair_wood
gs://learning-automl-test/dataset/chair_wood/chair_wood_171.jpg,chair_wood
gs://learning-automl-test/dataset/chair_wood/chair_wood_165.jpg,chair_wood
gs://learning-automl-test/dataset/chair_wood/chair_wood_159.jpg,chair_wood
gs://learning-automl-test/dataset/chair_wood/chair_wood_173.jpg,chair_wood
gs://learning-automl-test/dataset/chair_wood/chair_wood_167.jpg,chair_wood
gs://learning-automl-test/dataset/chair_wood/chair_wood_198.jpg,chair_wood
gs://learning-automl-test/dataset/chair_wood/chair_wood_359.jpg,chair_wood
gs://learning-automl-test/dataset/chair_wood/chair_wood_417.jpg,chair_wood
gs://learning-automl-test/dataset/chair_wood/chair_wood_371.jpg,chair_wood
gs://learning-automl-test/dataset/chair_wood/chair_wood_365.jpg,chair_wood
gs://learning-automl-test/dataset/chair_wood/chair_wood_403.jpg,chair_wood
gs://learning-automl-test/dataset/chair_wood/chair_wood_239.jpg,chair_wood
gs://learning-automl-test/dataset/chair_wood/chair_wood_563.jpg,chair_wood
gs://learning-automl-test/dataset/chair_wood/chair_wood_205.jpg,chair_wood
gs://learning-automl-test/dataset/chair_wood/chair_wood_211.jpg,chair_wood
gs://learning-automl-test/dataset/chair_wood/chair_wood_007.jpg,chair_wood
gs://learning-automl-test/dataset/chair_wood/chair_wood_013.jpg,chair_wood
gs://learning-automl-test/dataset/chair_wood/chair_wood_012.jpg,chair_wood
gs://learning-automl-test/dataset/chair_wood/chair_wood_006.jpg,chair_wood
gs://learning-automl-test/dataset/chair_wood/chair_wood_210.jpg,chair_wood
gs://learning-automl-test/dataset/chair_wood/chair_wood_562.jpg,chair_wood
gs://learning-automl-test/dataset/chair_wood/chair_wood_204.jpg,chair_wood
gs://learning-automl-test/dataset/chair_wood/chair_wood_238.jpg,chair_wood
gs://learning-automl-test/dataset/chair_wood/chair_wood_364.jpg,chair_wood
gs://learning-automl-test/dataset/chair_wood/chair_wood_402.jpg,chair_wood
gs://learning-automl-test/dataset/chair_wood/chair_wood_416.jpg,chair_wood
gs://learning-automl-test/dataset/chair_wood/chair_wood_370.jpg,chair_wood
gs://learning-automl-test/dataset/chair_wood/chair_wood_358.jpg,chair_wood
gs://learning-automl-test/dataset/chair_wood/chair_wood_199.jpg,chair_wood
gs://learning-automl-test/dataset/chair_wood/chair_wood_166.jpg,chair_wood
gs://learning-automl-test/dataset/chair_wood/chair_wood_172.jpg,chair_wood
gs://learning-automl-test/dataset/chair_wood/chair_wood_176.jpg,chair_wood
gs://learning-automl-test/dataset/chair_wood/chair_wood_162.jpg,chair_wood
gs://learning-automl-test/dataset/chair_wood/chair_wood_189.jpg,chair_wood
gs://learning-automl-test/dataset/chair_wood/chair_wood_374.jpg,chair_wood
gs://learning-automl-test/dataset/chair_wood/chair_wood_412.jpg,chair_wood
gs://learning-automl-test/dataset/chair_wood/chair_wood_406.jpg,chair_wood
gs://learning-automl-test/dataset/chair_wood/chair_wood_360.jpg,chair_wood
gs://learning-automl-test/dataset/chair_wood/chair_wood_348.jpg,chair_wood
gs://learning-automl-test/dataset/chair_wood/chair_wood_200.jpg,chair_wood
gs://learning-automl-test/dataset/chair_wood/chair_wood_566.jpg,chair_wood
gs://learning-automl-test/dataset/chair_wood/chair_wood_214.jpg,chair_wood
gs://learning-automl-test/dataset/chair_wood/chair_wood_228.jpg,chair_wood
gs://learning-automl-test/dataset/chair_wood/chair_wood_002.jpg,chair_wood
gs://learning-automl-test/dataset/chair_wood/chair_wood_016.jpg,chair_wood
gs://learning-automl-test/dataset/chair_wood/chair_wood_017.jpg,chair_wood
gs://learning-automl-test/dataset/chair_wood/chair_wood_003.jpg,chair_wood
gs://learning-automl-test/dataset/chair_wood/chair_wood_229.jpg,chair_wood
gs://learning-automl-test/dataset/chair_wood/chair_wood_215.jpg,chair_wood
gs://learning-automl-test/dataset/chair_wood/chair_wood_201.jpg,chair_wood
gs://learning-automl-test/dataset/chair_wood/chair_wood_349.jpg,chair_wood
gs://learning-automl-test/dataset/chair_wood/chair_wood_407.jpg,chair_wood
gs://learning-automl-test/dataset/chair_wood/chair_wood_361.jpg,chair_wood
gs://learning-automl-test/dataset/chair_wood/chair_wood_375.jpg,chair_wood
gs://learning-automl-test/dataset/chair_wood/chair_wood_413.jpg,chair_wood
gs://learning-automl-test/dataset/chair_wood/chair_wood_188.jpg,chair_wood
gs://learning-automl-test/dataset/chair_wood/chair_wood_163.jpg,chair_wood
gs://learning-automl-test/dataset/chair_wood/chair_wood_177.jpg,chair_wood
gs://learning-automl-test/dataset/chair_wood/chair_wood_161.jpg,chair_wood
gs://learning-automl-test/dataset/chair_wood/chair_wood_175.jpg,chair_wood
gs://learning-automl-test/dataset/chair_wood/chair_wood_149.jpg,chair_wood
gs://learning-automl-test/dataset/chair_wood/chair_wood_363.jpg,chair_wood
gs://learning-automl-test/dataset/chair_wood/chair_wood_405.jpg,chair_wood
gs://learning-automl-test/dataset/chair_wood/chair_wood_411.jpg,chair_wood
gs://learning-automl-test/dataset/chair_wood/chair_wood_377.jpg,chair_wood
gs://learning-automl-test/dataset/chair_wood/chair_wood_439.jpg,chair_wood
gs://learning-automl-test/dataset/chair_wood/chair_wood_388.jpg,chair_wood
gs://learning-automl-test/dataset/chair_wood/chair_wood_217.jpg,chair_wood
gs://learning-automl-test/dataset/chair_wood/chair_wood_565.jpg,chair_wood
gs://learning-automl-test/dataset/chair_wood/chair_wood_203.jpg,chair_wood
gs://learning-automl-test/dataset/chair_wood/chair_wood_559.jpg,chair_wood
gs://learning-automl-test/dataset/chair_wood/chair_wood_015.jpg,chair_wood
gs://learning-automl-test/dataset/chair_wood/chair_wood_001.jpg,chair_wood
gs://learning-automl-test/dataset/chair_wood/chair_wood_029.jpg,chair_wood
gs://learning-automl-test/dataset/chair_wood/chair_wood_028.jpg,chair_wood
gs://learning-automl-test/dataset/chair_wood/chair_wood_014.jpg,chair_wood
gs://learning-automl-test/dataset/chair_wood/chair_wood_558.jpg,chair_wood
gs://learning-automl-test/dataset/chair_wood/chair_wood_564.jpg,chair_wood
gs://learning-automl-test/dataset/chair_wood/chair_wood_202.jpg,chair_wood
gs://learning-automl-test/dataset/chair_wood/chair_wood_216.jpg,chair_wood
gs://learning-automl-test/dataset/chair_wood/chair_wood_389.jpg,chair_wood
gs://learning-automl-test/dataset/chair_wood/chair_wood_438.jpg,chair_wood
gs://learning-automl-test/dataset/chair_wood/chair_wood_410.jpg,chair_wood
gs://learning-automl-test/dataset/chair_wood/chair_wood_376.jpg,chair_wood
gs://learning-automl-test/dataset/chair_wood/chair_wood_362.jpg,chair_wood
gs://learning-automl-test/dataset/chair_wood/chair_wood_404.jpg,chair_wood
gs://learning-automl-test/dataset/chair_wood/chair_wood_148.jpg,chair_wood
gs://learning-automl-test/dataset/chair_wood/chair_wood_174.jpg,chair_wood
gs://learning-automl-test/dataset/chair_wood/chair_wood_160.jpg,chair_wood
